﻿i.OfficialName,i.OfficialAffiliation,c. BriefTitle,c.OfficialTitle,c.BriefSummary,c.NCTId,c.StartDate,l.LocationCity,l. LocationState,l.LocationCountry,l.LocationFacility,Interventions
"""Nicola G. Clausen, Ph.D""","""Department of Anaesthesiology and Intensive Care at Odense University Hospital""","""Clonidine for Tourniquet-related Pain in Children""","""Clonidine for Tourniquet-related Pain in Children: A Pilot Study""","""This study is designed as a randomized, placebo-controlled, double-blinded, clinical trial with two parallel groups.

This study investigates the association between a single dose of the drug, Clonidine, and the total amount of opioid administered under and 24 hours after surgery in children undergoing orthopedic limb surgery with the use of tourniquet.

The investigators hypothesize that administration of clonidine to children undergoing limb surgery with the use of inflatable tourniquets would reduce post-procedural pain.

This study is a pilot to obtain an effect size. Based on this the investigators will calculate a sample size for the main trial enabling us to reach a power of 0.8 with a significans level of 0.05.""","""NCT04564430""","""March 1, 2021""","""Odense""","""Fyn""","""Denmark""","""Odense University Hospital""","[""Catapresan"", ""Saline""]"
"""Tom G. Hansen, Ph.D""","""Department of Anaesthesiology and Intensive Care at Odense University Hospital""","""Clonidine for Tourniquet-related Pain in Children""","""Clonidine for Tourniquet-related Pain in Children: A Pilot Study""","""This study is designed as a randomized, placebo-controlled, double-blinded, clinical trial with two parallel groups.

This study investigates the association between a single dose of the drug, Clonidine, and the total amount of opioid administered under and 24 hours after surgery in children undergoing orthopedic limb surgery with the use of tourniquet.

The investigators hypothesize that administration of clonidine to children undergoing limb surgery with the use of inflatable tourniquets would reduce post-procedural pain.

This study is a pilot to obtain an effect size. Based on this the investigators will calculate a sample size for the main trial enabling us to reach a power of 0.8 with a significans level of 0.05.""","""NCT04564430""","""March 1, 2021""","""Odense""","""Fyn""","""Denmark""","""Odense University Hospital""","[""Catapresan"", ""Saline""]"
"""Leslie G Biesecker""","""National Human Genome Research Institute (NHGRI)""","""Phenotype and Etiology of Pallister-Hall Syndrome""","""Genetic and Clinical Studies of Congenital Anomaly Syndromes""","""We aim to delineate the range of severity, natural history, molecular etiology, and pathophysiology of Pallister-Hall syndrome (PHS), Greig cephalopolysyndactyly syndrome (GCPS), McKusick-Kaufman syndrome (MKS), Bardet-Biedl syndrome (BBS), Oro-facial digital syndromes (OFDs), and other overlapping phenotypes. These disorders comprise a syndrome community of overlapping manifestations and we hypothesize that this is a reflection of a common mechanistic pathway. This hypothesis be addressed by a combined clinical-molecular approach where we bring up to 50-100 patients with each disorder to the NIH clinical center for a comprehensive clinical evaluation with follow-up at a frequency appropriate to the disorder. Specimens will be collected and evaluated in the laboratory by linkage analysis, physical mapping, candidate gene characterization, mutation screening, and cell biologic studies of normal mutant proteins.""","""NCT00001404""","""August 18, 1994""","""Ankara""",null,"""Turkey""","""Ankara University School of Medicine""",[]