﻿i.OfficialName,i.OfficialAffiliation,c. BriefTitle,c.OfficialTitle,c.BriefSummary,c.NCTId,c.StartDate,l.LocationCity,l. LocationState,l.LocationCountry,l.LocationFacility,Interventions
"""An N Dang Do""","""Eunice Kennedy Shriver National Institute of Child Health and Human Development (NICHD)""","""Investigations of Juvenile Neuronal Ceroid Lipofuscinosis""","""Investigations of Juvenile Neuronal Ceroid Lipofuscinosis (CLN3)""","""Background:

CLN3, or Batten disease, is a genetic disorder. This deadly disease leads to decline of brain and nervous system functions. Symptoms of CLN3 typically occur between 4 and 7 years of age. They include changes in how a person sees, thinks, and moves. CLN3 can also cause seizures. No effective treatments for the disease are yet known. There is limited testing of potential therapies. Researchers want to study CLN3 more so they can improve future therapies.

Objective:

To identify clinical or biochemical markers that can be used as therapeutic outcome measures for CLN3.

Eligibility:

People with CLN3. It must be based on

Two CLN3 mutations OR

One CLN3 mutation AND findings seen with a powerful microscope

Family members of a person with CLN3.

Design:

Participants will have already been referred to NIH for CLN3 evaluation.

If participants agree to do the study, they will:

give spinal fluid, blood, urine, and skin samples. They may provide other samples if they were already collected. These may include cells, surgical specimens, and DNA.
will be seen by multiple healthcare specialists.

Participants may provide medical records or photos. Participants will sign a release of medical records form.P

Researchers may send samples or clinical data to other investigators. For research testing, the samples will not include the participant s name. For a test in a clinical lab, researchers will include the participant s name. These results will become part of the clinical record at NIH.""","""NCT03307304""","""November 27, 2017""","""Bethesda""","""Maryland""","""United States""","""National Institutes of Health Clinical Center""",[]
"""Angela Schulz""","""Head of NCL-Specialty Clinic""","""Natural History and Longitudinal Clinical Assessments in NCL / Batten Disease, the International DEM-CHILD Database""","""Natural History and Long Term Clinical Assessments of All Forms of Neuronal Ceroid Lipofuscinoses - Capturing Key Symptoms and Disease Progression as Part of the Independent, International NCL DEM-CHILD Patient Database""","""This is an observational study that aims at assessing the natural history of NCL diseases as part of the international DEM-CHILD Database.

Patient data are collected from medical records, patient questionnaires and routine follow up clinical examinations with focus on assessing progression in key areas of disease such as motor, language, cognition, seizures, vision, and behavior.
A local biorepository of samples from genetically defined NCL patients will be established as well as a virtual biorepository within the DEM-CHILD DB to be able to easily localize international availability of patient samples.""","""NCT04613089""","""April 8, 2020""","""Hamburg""",null,"""Germany""","""University Medical Center Hamburg-Eppendorf""","[""Natural History""]"
null,null,"""Safety, Tolerability, and Efficacy of PLX-200 in Patients With CLN3""","""A Randomized. Multicenter, Double-Blind, Placebo-Controlled Safety, Tolerability, and Efficacy Study of PLX-200 in Participants With Mild-to-Moderate Juvenile Neuronal Ceroid Lipofuscinosis (CLN3) Disease""","""The purpose of this study is to evaluate the safety and efficacy of multiple doses of PLX-200 in patients with CLN3 disease.""","""NCT04637282""","""December 1, 2023""",null,null,null,null,"[""Placebo"", ""PLX-200""]"
"""Erika F Augustine""","""University of Rochester""","""Cellcept for Treatment of Juvenile Neuronal Ceroid Lipofuscinosis""","""Phase II, Randomized, Placebo Controlled Trial of the Safety and Tolerability of Mycophenolate in Children With Juvenile Neuronal Ceroid Lipofuscinosis""","""The primary objective of this trial is to establish the safety and tolerability of short-term (8 weeks) administration of mycophenolate mofetil in ambulatory children with JNCL. The secondary objective is to gather preliminary evidence of the short-term (8 week) impact of mycophenolate mofetil on clinically relevant features of JNCL as measured by the Unified Batten Disease Rating Scale (UBDRS), including motor features, seizures, behavior, cognitive and functional measures.

Funding source-FDA Office of Orphan Product Development (OOPD).""","""NCT01399047""","""July 2011""","""Rochester""","""New York""","""United States""","""University of Rochester""","[""Liquid Placebo"", ""Mycophenolate mofetil""]"
"""Samar N Rahhal""","""Eunice Kennedy Shriver National Institute of Child Health and Human Development (NICHD)""","""Functional Near-Infrared Spectroscopy (fNIRS) Combined With Diffuse Correlation Spectroscopy (DCS) in Neurocognitive Disease as Compared to Healthy Neurotypical Controls""","""Pilot Study of the Use of Functional Near-Infrared Spectroscopy (fNIRS) Combined With Diffuse Correlation Spectroscopy (DCS) in Neurocognitive Disease as Compared to Healthy Neurotypical Controls""","""Background:

Neurocognitive disorders affect how the brain uses oxygen. They may affect mental development in children. These disorders can be studied with imaging scans that use radiation; however, these methods are not ideal for research on children. Two technologies-functional near-infrared spectroscopy (fNIRS) and diffuse correlation spectroscopy (DCS)-use light to detect changes in brain activity. These methods are safer, and they can be used in a more relaxed setting. In this natural history study, researchers want to find out whether fNIRS and DCS can be a good way to study people with neurocognitive disorders.

Objective:

To find out whether fNIRS and DCS can be useful in measuring brain activity in people with neurocognitive disorders.

Eligibility:

People aged 6 months or older with neurocognitive disorders. These can include Niemann-Pick disease type C1 (NPC1); creatine transporter deficiency (CTD); Smith Lemli Opitz syndrome (SLOS); juvenile neuronal ceroid lipofuscinosis (CLN3 disease); and Pheland-McDermid (PMS) syndrome. Healthy volunteers are also needed.

Design:

Participants will have a physical exam. They will have tests of their memory and thinking.

Participants will sit in a quiet room for the fNIRS and DCS tests. A snug cap (like a cloth swim cap) will be placed on their head. The cap has lights and sensors. Another sensor will be placed on their forehead. Participants will perform tasks on a computer. This testing will take 45 to 60 minutes.

The tests will be repeated within 1 to 4 weeks. Participants will be asked to return for repeat tests 1 year later.""","""NCT05642221""","""January 23, 2023""","""Bethesda""","""Maryland""","""United States""","""National Institutes of Health Clinical Center""",[]
"""Laura M. Koehly, Ph.D""","""National Human Genome Research Institute (NHGRI)""","""Caregiving Networks Across Disease Context and the Life Course""","""Caregiving Networks Across Disease Context and the Life Course: A Comparative Longitudinal Study""","""Background:

In the U.S., about 53 million informal, unpaid caregivers provide care to a person who is ill, is disabled, or has age-related loss of function. These caregivers may be adult children, spouses, parents, or others. The stress of providing long-term care affects caregivers health and well-being. Researchers want to learn more about this stress and its effects.

Objective:

To learn how the caregiving process affects the health and well-being of caregivers over time.

Eligibility:

Adults aged 18 years and older who are caregivers for a person with a chronic medical condition and who have already given consent to take part in other study activities.

Design:

Participants will be put in different groups. They will complete some or all of the following tasks over 1 year. They may repeat these tasks once a year for up to 5 years.

Participants will fill out 2 online surveys. One will ask about their health and their caregiving experience. The other will ask them to list people in their social network and their care recipient s social network who give them support.

Participants will have a 2-part phone interview. It will be audio recorded. In part 1, they will be asked about the people they listed in the survey. In part 2, they will be asked about their caregiving experience and events in the care recipient s life.

Participants may fill out a weeklong diary every 3 months. It will ask about their daily social activities, well-being, and stress levels. It will also ask about their thoughts and feelings about caregiving.

Participants may give a blood sample each year they are in the study.

...""","""NCT05007990""","""September 8, 2022""","""Bethesda""","""Maryland""","""United States""","""National Institutes of Health Clinical Center""",[]
"""Lenora M Lehwald""","""Nationwide Childrens Hospital""","""Neuronal Ceroid Lipofuscinosis and Associated Sleep Abnormalities""","""Neuronal Ceroid Lipofuscinosis and Associated Sleep Abnormalities""","""Neuronal Ceroid Lipofuscinosis (NCL) also known at Batten's disease is the most common neurodegenerative disorder in children. Families often report the patient has a sleep disturbance. This is a questionnaire to be completed by the family to better understand the sleep pattern and sleep difficulties experienced by individuals who have been diagnosed with NCL.""","""NCT01966757""","""July 2013""","""Columbus""","""Ohio""","""United States""","""Nationwide Children's Hospital""",[]
"""Amean A Yaser, Ph.D""","""Babylon University/ Nursing Faculty""","""Using NPT to Evaluate Providing PPC as ELNEC-PPC WBT for Nurses""","""Using Normalization Process Theory to Evaluate Providing Pediatric Palliative Care at End-of-Life as Web-Based Training Intervention for Nurses:""","""The purpose of this study is to explain the provision of palliative care at the end of life by the implementation of the ELNEC course, as WBT Program using the Normalization Process Theory, that focus attention on how complex interventions become routinely embedded in practice. In addition to, identify the changes implemented by the participant nurses (intervention group) in their clinical practice, after participating in WBT Program to provide Palliative Care alongside with usual care versus usual care only (control group) for children with life-limiting conditions or in the case of accidents/sudden death, at the end of life. And finally, provide findings that will assist in the interpretation of the trial results.""","""NCT04461561""","""July 1, 2020""","""Hilla""","""Babylon Province""","""Iraq""","""1) Imam Sadiq (peace be upon him) Teaching Hospital; 2) Babylon Maternity and Children Teaching Hospital; 3) Al-Noor Hospital for Children; 4) Morgan Teaching Hospital; and 5) Babylon Oncology Center""","[""end-of-life nursing education consortium-pediatric palliative care as web based-training plus usual care""]"
"""Nuhad Aldoori, Ph.D""","""Babylon University/ Nursing Faculty""","""Using NPT to Evaluate Providing PPC as ELNEC-PPC WBT for Nurses""","""Using Normalization Process Theory to Evaluate Providing Pediatric Palliative Care at End-of-Life as Web-Based Training Intervention for Nurses:""","""The purpose of this study is to explain the provision of palliative care at the end of life by the implementation of the ELNEC course, as WBT Program using the Normalization Process Theory, that focus attention on how complex interventions become routinely embedded in practice. In addition to, identify the changes implemented by the participant nurses (intervention group) in their clinical practice, after participating in WBT Program to provide Palliative Care alongside with usual care versus usual care only (control group) for children with life-limiting conditions or in the case of accidents/sudden death, at the end of life. And finally, provide findings that will assist in the interpretation of the trial results.""","""NCT04461561""","""July 1, 2020""","""Hilla""","""Babylon Province""","""Iraq""","""1) Imam Sadiq (peace be upon him) Teaching Hospital; 2) Babylon Maternity and Children Teaching Hospital; 3) Al-Noor Hospital for Children; 4) Morgan Teaching Hospital; and 5) Babylon Oncology Center""","[""end-of-life nursing education consortium-pediatric palliative care as web based-training plus usual care""]"
"""Emily De Los Reyes""","""Nationwide Childrens Hospital""","""Examining Developmental Outcomes of Children Diagnosed With CLN2 Disease""","""Examining Developmental Outcomes of Children Diagnosed With CLN2 Disease""","""The investigators propose a study to assess cognitive and developmental outcomes of patients with CLN2 that are untreated and receiving cerliponase alfa. This study aims to validate standardized assessment measures to establish a standard of care. The secondary aim is to compare cognitive and developmental outcomes of patients with CLN2 that are receiving celiponase alfa to a natural history cohort. To accomplish specific aims of the study, the investigators will use a multi-method approach to collect retrospective data collected as standard of care and prospective developmental data in children with CLN2 disease. The investigators will use a combination of standardized measures that include direct assessment and parent report of child development. The investigators focus will also include multiple measures of development including language, motor, social-emotional, and adaptive functioning.""","""NCT03862274""","""December 1, 2018""","""Columbus""","""Ohio""","""United States""","""Nationwide Children's Hospital""","[""CLN2 Treatment""]"
"""Jessica Scherr""","""Nationwide Childrens Hospital""","""Examining Developmental Outcomes of Children Diagnosed With CLN2 Disease""","""Examining Developmental Outcomes of Children Diagnosed With CLN2 Disease""","""The investigators propose a study to assess cognitive and developmental outcomes of patients with CLN2 that are untreated and receiving cerliponase alfa. This study aims to validate standardized assessment measures to establish a standard of care. The secondary aim is to compare cognitive and developmental outcomes of patients with CLN2 that are receiving celiponase alfa to a natural history cohort. To accomplish specific aims of the study, the investigators will use a multi-method approach to collect retrospective data collected as standard of care and prospective developmental data in children with CLN2 disease. The investigators will use a combination of standardized measures that include direct assessment and parent report of child development. The investigators focus will also include multiple measures of development including language, motor, social-emotional, and adaptive functioning.""","""NCT03862274""","""December 1, 2018""","""Columbus""","""Ohio""","""United States""","""Nationwide Children's Hospital""","[""CLN2 Treatment""]"
null,null,"""An Open-label Safety, Pharmacokinetic, and Efficacy Study of Miglustat for the Treatment of CLN3 Disease""","""An Open-label Safety, Pharmacokinetic, and Efficacy Study of the Combination of Miglustat for the Treatment of CLN3 Disease in Patients 17 Years of Age and Older""","""This is an open label study in approximately 6 subjects in 2 centers to assess the safety, PK, and efficacy of the maximum tolerable dose (MTD) of oral miglustat (100 mg once daily [QD] to 200 mg 3 times daily [TID]) in subjects ≥ 17 years of age with CLN3 disease over a period of 104 weeks.""","""NCT05174039""","""February 2, 2022""","""Houston""","""Texas""","""United States""","""Texas Children Hospital""","[""Miglustat 100Mg Oral Capsule""]"
null,null,"""Natural History of Neuronal Ceroid Lipofuscinosis, Batten's CLN6 Diseae""","""Natural History Study of Batten's CLN6 Disease""","""CLN6 is a rare, neurodegenerative disease that causes progressive loss of acquired skills with motor delay, visual loss, seizures and ataxia. The investigators propose a natural history study of this rare disorder since it is currently unknown. It is important to understand disease progression in CLN6 disease to be able to judge therapeutic efficacy as emerging therapies like gene therapy become available.""","""NCT03285425""","""January 2017""","""Columbus""","""Ohio""","""United States""","""Nationwide Children's Hospital""","[""Natural history""]"
"""Clinical Research""","""Amicus Therapeutics""","""Long-Term Follow Up of CLN6 Batten Disease Subjects Following Gene Transfer""","""Long-Term Follow-Up of AT-GTX-501 scAAV9 Gene Transfer in Subjects With CLN6 Batten Disease""","""This is a long-term safety and efficacy study in subjects with CLN6 Batten disease who previously received a single intrathecal administration of AT-GTX-501.""","""NCT04273243""","""January 24, 2020""","""Columbus""","""Ohio""","""United States""","""Nationwide Children's Hosptial""","[""AT-GTX-501""]"
null,null,"""Natural History Study of Batten Disease""","""Natural History Study of Batten Disease""","""This is a multicenter, international, study to assess the natural history data from people with Batten disease by collecting both retrospective and prospective information about the motor, behavioral and functional capabilities of patients. The study initially has 2 cohorts. Cohort 1 (n ≈ 75) includes subjects with CLN6 Batten disease. Cohort 2 (n ≈ 120) includes subjects with juvenile CLN3 Batten disease. Additional cohorts for other Batten disease subtypes may be added in the future.""","""NCT04644549""","""April 27, 2021""","""Rochester""","""New York""","""United States""","""University of Rochester Medical Center""",[]
"""Clinical Research""","""Amicus Therapeutics""","""Gene Therapy for Children With CLN3 Batten Disease""","""Phase I/IIa Gene Transfer Clinical Trial for Juvenile Neuronal Ceroid Lipofuscinosis, Delivering the CLN3 Gene by Self-Complementary AAV9""","""This is a phase 1/2, open-label, single dose, dose-escalation clinical trial to evaluate the safety and efficacy of AT-GTX-502 (previous NCH Code: scAAV9.P546.CLN3) delivered intrathecally into the lumbar spinal cord region of subjects with CLN3 Batten disease.""","""NCT03770572""","""November 13, 2018""","""Columbus""","""Ohio""","""United States""","""Nationwide Children's Hospital""","[""AT-GTX-502""]"
"""Jonathan W Mink, Md Phd""","""University of Rochester""","""Clinical and Neuropsychological Investigations in Batten Disease""","""Clinical and Neuropsychological Investigations in Batten Disease""","""This study aims to assess the natural history of Batten disease (Neuronal Ceroid Lipofuscinosis) by obtaining information about the motor, behavioral, and functional capabilities of individuals with Batten disease. This study will also refine and validate the Unified Batten Disease Rating Scale (UBDRS) as a clinical rating instrument for Batten disease.""","""NCT01873924""","""August 2004""","""Rochester""","""New York""","""United States""","""University of Rochester""",[]
"""Medical Director, MD""","""BioMarin Pharmaceutical""","""A Safety, Tolerability, and Efficacy Study of Intracerebroventricular BMN 190 in Pediatric Patients < 18 Years of Age With CLN2 Disease""","""A Phase 2, Open-Label, Multicenter Study to Evaluate Safety, Tolerability, and Efficacy of Intracerebroventricular BMN 190 in Pediatric Patients < 18 Years of Age With CLN2 Disease""","""This Phase 2 open-label, multicenter study will evaluate the safety, tolerability, and efficacy of BMN 190 intracerebroventricular (ICV) administration every other week (qow) for a period of 144 weeks, in patients with CLN2. The study is designed to assess disease progression in CLN2 patients treated with BMN 190 compared to natural history data from untreated historical controls.""","""NCT02678689""","""February 2016""","""London""",null,"""United Kingdom""","""Great Ormond Street Childrens Hospital""","[""Intraventricular access device"", ""BMN190 recombinant human tripeptidyl peptidase-1 (rhTPP1)""]"
"""Medical Monitor, MD""","""BioMarin Pharmaceutical""","""An Extension Study to Evaluate the Long-Term Efficacy and Safety of BMN 190 in Patients With CLN2 Disease""","""A Multicenter, Multinational, Extension Study to Evaluate the Long-Term Efficacy and Safety of BMN 190 in Patients With CLN2 Disease""","""The Phase 1/2 study (190-201) evaluated the efficacy and safety of a 300 mg dose of BMN 190 administered every other week (qow) to patients with CLN2. The dose and regimen for this study (190-202) are based on the results of the 190-201 study. The rationale for this phase 2 extension study is to provide patients who complete the 190-201 study with the option to continue BMN 190 treatment. The 190-202 study is an open label extension protocol to assess long-term safety and efficacy.""","""NCT02485899""","""February 2015""","""London""",null,"""United Kingdom""","""Great Ormond Street Childrens Hospital""","[""Intracerebroventricular (ICV) access device"", ""BMN 190""]"
"""Ronald Crystal""","""Weill Medical College of Cornell University""","""AAVRh.10 Administered to Children With Late Infantile Neuronal Ceroid Lipofuscinosis""","""Direct CNS Administration of a Replication Deficient Adeno-associated Virus Gene Transfer Vector Serotype rh.10 Expressing the Human CLN2 cDNA to Children With LINCL With Uncommon Genotypes and/or Moderate to Severe Impairment""","""The investigators propose to assess the safety and efficacy of a new administration method to deliver a biologic to children with a form of Batten disease using an experimental gene transfer procedure. This gene transfer procedure consists of delivering a good copy of the mutated gene to the nerve cells via a virus. These children are born with genetic changes called mutations that result in the inability of the brain to properly recycle proteins. The recycling failure leads to death of the nerve cells in the brain and progressive loss of brain function. Children with Batten disease are normal at birth but by age 2 to 4 have motor and vision problems which progress rapidly to death at age approximately 10 years old. There are no therapies available to treat the disease.

The investigators previous clinical trial used a virus called adeno-associated virus 2 (AAV2) as the gene delivery system. That study showed that viral delivery of the gene was safe and showed small, but significant benefits to the recipient. The investigators currently have an IRB approved protocol which uses a slightly different virus called AAVrh.10 as the gene delivery system. This 3rd protocol proposes to use the same virus AAVrh.10 as the gene delivery system and has expanded the eligibility criteria.""","""NCT01414985""","""April 15, 2010""","""New York""","""New York""","""United States""","""Weill Cornell Medical College""","[""AAVrh.10CUCLN2""]"
"""Ronald G Crystal""","""Weill Medical College of Cornell University""","""Collection of Cerebrospinal Fluid in Healthy Children""","""Collection of Cerebrospinal Fluid in Healthy Children""","""The purpose of this study is to obtain cerebrospinal fluid from healthy children already undergoing a lumbar puncture procedure at New York Presbyterian Hospital, to act as healthy controls when compared to children with late infantile neuronal ceroid lipofuscinosis (LINCL), a fatal neurodegenerative disease.""","""NCT01698229""","""December 2011""","""New York""","""New York""","""United States""","""Weill Cornell Medical College / New York Presbyterian Hospital""","[""Group 1""]"
"""Ronald G. Crystal""","""Weill Medical College of Cornell University""","""Genotype - Phenotype Correlations of LINCL""","""Genotype - Phenotype Correlations of Late Infantile Neuronal Ceroid Lipofuscinosis""","""In a separate protocol the Department of Genetic Medicine is proposing to carry out a study using gene transfer to treat the central nervous system (CNS) manifestations of late infantile neuronal ceroid lipofuscinosis (LINCL), a fatal, rare, recessive disorder of the (CNS) in children. In the context that there is little known about the genotype - phenotype correlations of LINCL, and that our referral far exceed the number (n=11) of children that will be entered into the gene transfer protocol, we are proposing to capitalize on this unique opportunity to evaluate this disorder in this separate study. In this context, the aim of this protocol is to study the genotype - phenotype correlations of the CNS manifestations of late infantile neuronal ceroid lipofuscinosis. This will be accomplished by comparing the genotype to a neurologic assessment, and LINCL clinical rating scale; magnetic resonance imaging (MRI) and magnetic resonance spectroscopic (MRS) assessments of the CNS; and routine clinical evaluations.""","""NCT00151268""","""March 2004""",null,null,null,null,[]
"""Ronald G Crystal""","""Weill Medical College of Cornell University""","""Safety Study of a Gene Transfer Vector (Rh.10) for Children With Late Infantile Neuronal Ceroid Lipofuscinosis (LINCL)""","""Direct CNS Administration of a Replication Deficient Adeno-associated Virus Gene Transfer Vector Serotype rh.10 Expressing the Human CLN2 cDNA to Children With Late Infantile Neuronal Ceroid Lipofuscinosis (LINCL)""","""This is a proposed follow up study on the investigators previous gene transfer human clinical trial entitled \""Administration of a Replication Deficient Adeno-associated Virus Gene Transfer Vector Expressing the Human CLN2 cDNA to the Brain of Children with Late Infantile Neuronal Ceroid Lipofuscinosis\"" (Weill Cornell IRB# 0401007010). As in the previous study, the investigators propose to administer a biologic by direct gene transfer into the brain and assess its safety on children with a fatal genetic disease of the central nervous system (CNS). The disease is Late Infantile Neuronal Ceroid Lipofuscinosis (LINCL, a form of Batten disease). This will be accomplished by using delivery of a gene (method called gene transfer) to administer to the brain an experimental drug called AAVRh.10CUhCLN2, a gene transfer vector.""","""NCT01161576""","""August 19, 2010""","""New York""","""New York""","""United States""","""Weill Cornell Medical College""","[""AAVrh.10CUhCLN2 vector 2.85x10^11 genome copies"", ""AAVrh.10CUhCLN2 vector 9.0x10^11 genome copies""]"
"""Ronald G. Crystal""","""Weill Medical College of Cornell University""","""Safety Study of a Gene Transfer Vector for Children With Late Infantile Neuronal Ceroid Lipofuscinosis""","""Administration of a Replication Deficient Adeno-associated Virus Gene Transfer Vector Expressing the Human CLN2 cDNA to the Brain of Children With Late Infantile Neuronal Ceroid Lipofuscinosis""","""The aim of this study is to treat the signs and symptoms of late infantile neuronal ceroid lipofuscinosis (LINCL), a fatal inherited disease in the brain. This will be accomplished by using delivery of a gene (method called gene transfer) to administer to the brain an experimental drug called AAV2CUhCLN2, a gene transfer vector.""","""NCT00151216""","""June 2004""","""New York""","""New York""","""United States""","""New York Presbyterian Hospital - Weill Medical College of Cornell University""","[""AAV2CUhCLN2 (3x10^12 particle units)""]"
"""David Jacoby""","""BioMarin Pharmaceutical""","""A Phase 1/2 Open-Label Dose-Escalation Study to Evaluate Safety, Tolerability, Pharmacokinetics, and Efficacy of Intracerebroventricular BMN 190 in Patients With Late-Infantile Neuronal Ceroid Lipofuscinosis (CLN2) Disease""","""A Phase 1/2 Open-Label Dose-Escalation Study to Evaluate Safety, Tolerability, Pharmacokinetics, and Efficacy of Intracerebroventricular BMN 190 in Patients With Late-Infantile Neuronal Ceroid Lipofuscinosis Type 2 (CLN2) Disease""","""The purpose of this study is to determine whether BMN 190 is safe and effective in the treatment of patients with Late-Infantile Neuronal Ceroid Lipofuscinosis Type 2 (CLN2) disease.""","""NCT01907087""","""September 2013""","""London""",null,"""United Kingdom""","""Great Ormond Street Hospital for NHS Foundation Trust""","[""BMN 190""]"
"""Ronald G. Crystal""","""Weill Medical College of Cornell University""","""Genotype-Phenotype Correlations of Late Infantile Neuronal Ceroid Lipofuscinosis""","""Genotype-Phenotype Correlations of Late Infantile Neuronal Ceroid Lipofuscinosis""","""The primary aim of the study is to assess the genotype - phenotype correlations of the CNS manifestations of late infantile neuronal ceroid lipofuscinosis (LINCL), a fatal, rare, recessive disorder of the CNS in children. This study will be accomplished by comparing the genotype to a neurologic assessment and Weill Cornell LINCL scale, the UBDRS scale, the standardized CHQ quality of life scale, and the Mullen scale; magnetic resonance imaging (MRI); and routine clinical evaluations. This study is designed to run parallel to a separate study which is being done by the Department of Genetic Medicine, which will use gene transfer to treat the central nervous system (CNS) manifestations of late infantile neuronal ceroid lipofuscinosis.""","""NCT01035424""","""June 2009""","""New York""","""New York""","""United States""","""Weill Cornell Medicine""",[]
"""Joanne Kurtzberg""","""Duke University""","""UCB Transplant of Inherited Metabolic Diseases With Administration of Intrathecal UCB Derived Oligodendrocyte-Like Cells""","""Augmentation of Umbilical Cord Blood Transplantation for Inherited Metabolic Diseases With Intrathecal Administration of Human Umbilical Cord Blood-Derived Oligodendrocyte-Like Cells""","""The primary objective of the study is to determine the safety and feasibility of intrathecal administration of DUOC-01 as an adjunctive therapy in patients with inborn errors of metabolism who have evidence of early demyelinating disease in the central nervous system (CNS) who are undergoing standard treatment with unrelated umbilical cord blood transplantation (UCBT). The secondary objective of the study is to describe the efficacy of UCBT with intrathecal administration of DUOC-01 in these patients.""","""NCT02254863""","""September 2014""","""Durham""","""North Carolina""","""United States""","""Duke University Medical Center""","[""DUOC-01""]"
"""Todd Durham""","""Vice President, Clinical and Outcomes Research""","""Inherited Retinal Degenerative Disease Registry""","""Foundation Fighting Blindness My Retina Tracker Registry""","""The My Retina Tracker® Registry is sponsored by the Foundation Fighting Blindness and is for people affected by one of the rare inherited retinal degenerative diseases studied by the Foundation. It is a patient-initiated registry accessible via a secure on-line portal at www.MyRetinaTracker.org. Affected individuals who register are guided to create a profile that captures their perspective on their retinal disease and its progress; family history; genetic testing results; preventive measures; general health and interest in participation in research studies. The participants may also choose to ask their clinician to add clinical measurements and results at each clinical visit. Participants are urged to update the information regularly to create longitudinal records of their disease, from their own perspective, and their clinical progress. The overall goals of the Registry are: to better understand the diversity within the inherited retinal degenerative diseases; to understand the prevalence of the different diseases and gene variants; to assist in the establishment of genotype-phenotype relationships; to help understand the natural history of the diseases; to help accelerate research and development of clinical trials for treatments; and to provide a tool to investigators that can assist with recruitment for research studies and clinical trials.""","""NCT02435940""","""June 2014""","""Columbia""","""Maryland""","""United States""","""Foundation Fighting Blindness""",[]
"""Paul Orchard""","""Masonic Cancer Center, University of Minnesota""","""Stem Cell Transplant for Inborn Errors of Metabolism""","""Treatment of Lysosomal and Peroxisomal Inborn Errors of Metabolism by Bone Marrow Transplantation""","""The purpose of this study is to determine the safety and engraftment of donor hematopoietic cells using this conditioning regimen in patients undergoing a hematopoietic (blood forming) cell transplant for an inherited metabolic storage disease.""","""NCT00176904""","""January 1995""","""Minneapolis""","""Minnesota""","""United States""","""Masonic Cancer Center, University of Minnesota""","[""Busulfan, Cyclophosphamide, Antithymocyte Globulin"", ""Stem Cell Transplant""]"
"""Mitchell S Cairo""","""New York Medical College""","""Human Placental-Derived Stem Cell Transplantation""","""A Single-Arm Study to Assess the Safety of Transplantation With Human Placental-Derived Stem-Cells Combined With Unrelated and Related Cord Blood in Subjects With Certain Malignant Hematologic Diseases and Non-Malignant Disorders""","""The purpose of this clinical trial is to investigate the safety of human placental-derived stem cells (HPDSC) given in conjunction with umbilical cord blood (UCB) stem cells in patients with various malignant or nonmalignant disorders who require a stem cell transplant. Patients will get either full dose (high-intensity) or lower dose (low intensity) chemo- and immunotherapy followed by a stem cell transplantation with UCB and HPDSC.""","""NCT01586455""","""April 2013""","""Salt Lake City""","""Utah""","""United States""","""University of Utah""","[""Human Placental Derived Stem Cell""]"