﻿ar.title,ar.pubmed_id,ar.abstractText,ar.publicationYear,Keywords,a.fullName,a.affiliation
"""Laryngotracheal stenosis in thoracolaryngopelvic dysplasia: Barnes syndrome.""","""7501399""","""""","""1995""",[],"""Wood E""","[""British Columbia Centre for Excellence in HIV/AIDS, St Paul's Hospital, Vancouver, Canada.""]"
"""Laryngotracheal stenosis in thoracolaryngopelvic dysplasia: Barnes syndrome.""","""7501399""","""""","""1995""",[],"""Kearns D""",""""""
"""Parturient With Barnes Syndrome (Thoracolaryngopelvic Dysplasia) Undergoing Cesarean Delivery of a Neonate With Barnes Syndrome: A Case Report.""","""29634523""","""This case describes a parturient with Barnes syndrome, a rare disorder characterized by subglottic stenosis, thoracic dystrophy, and small pelvic inlet, who underwent cesarean delivery of a neonate diagnosed with Barnes syndrome. Live simulation training was performed by multidisciplinary team to prepare for the spinal anesthetic, personnel flow between 2 operating rooms, and management of various airway scenarios for the newborn. After delivery, the neonate underwent laryngoscopy-bronchoscopy with successful intubation in the operating room because of labored breathing. Airway evaluation revealed subglottic stenosis, tracheomalacia/bronchomalacia. Collaboration among perinatologists, obstetric/pediatric anesthesiologists, pediatric head and neck surgeons, and neonatologists was integral to perioperative management of both the mother and child.""","""2018""",[],"""Rudikoff AG""","[""Department of Anesthesiology, Kaiser Permanente Los Angeles Medical Center, 4867 Sunset Blvd, 3rd Floor, Suite 3017, Los Angeles, CA, 90027, USA.""]"
"""Parturient With Barnes Syndrome (Thoracolaryngopelvic Dysplasia) Undergoing Cesarean Delivery of a Neonate With Barnes Syndrome: A Case Report.""","""29634523""","""This case describes a parturient with Barnes syndrome, a rare disorder characterized by subglottic stenosis, thoracic dystrophy, and small pelvic inlet, who underwent cesarean delivery of a neonate diagnosed with Barnes syndrome. Live simulation training was performed by multidisciplinary team to prepare for the spinal anesthetic, personnel flow between 2 operating rooms, and management of various airway scenarios for the newborn. After delivery, the neonate underwent laryngoscopy-bronchoscopy with successful intubation in the operating room because of labored breathing. Airway evaluation revealed subglottic stenosis, tracheomalacia/bronchomalacia. Collaboration among perinatologists, obstetric/pediatric anesthesiologists, pediatric head and neck surgeons, and neonatologists was integral to perioperative management of both the mother and child.""","""2018""",[],"""Post RJ""","[""Department of Obstetrics and Gynecology, University of California, Irvine, Irvine, California.""]"
"""Parturient With Barnes Syndrome (Thoracolaryngopelvic Dysplasia) Undergoing Cesarean Delivery of a Neonate With Barnes Syndrome: A Case Report.""","""29634523""","""This case describes a parturient with Barnes syndrome, a rare disorder characterized by subglottic stenosis, thoracic dystrophy, and small pelvic inlet, who underwent cesarean delivery of a neonate diagnosed with Barnes syndrome. Live simulation training was performed by multidisciplinary team to prepare for the spinal anesthetic, personnel flow between 2 operating rooms, and management of various airway scenarios for the newborn. After delivery, the neonate underwent laryngoscopy-bronchoscopy with successful intubation in the operating room because of labored breathing. Airway evaluation revealed subglottic stenosis, tracheomalacia/bronchomalacia. Collaboration among perinatologists, obstetric/pediatric anesthesiologists, pediatric head and neck surgeons, and neonatologists was integral to perioperative management of both the mother and child.""","""2018""",[],"""Stranc DS""",null
"""Parturient With Barnes Syndrome (Thoracolaryngopelvic Dysplasia) Undergoing Cesarean Delivery of a Neonate With Barnes Syndrome: A Case Report.""","""29634523""","""This case describes a parturient with Barnes syndrome, a rare disorder characterized by subglottic stenosis, thoracic dystrophy, and small pelvic inlet, who underwent cesarean delivery of a neonate diagnosed with Barnes syndrome. Live simulation training was performed by multidisciplinary team to prepare for the spinal anesthetic, personnel flow between 2 operating rooms, and management of various airway scenarios for the newborn. After delivery, the neonate underwent laryngoscopy-bronchoscopy with successful intubation in the operating room because of labored breathing. Airway evaluation revealed subglottic stenosis, tracheomalacia/bronchomalacia. Collaboration among perinatologists, obstetric/pediatric anesthesiologists, pediatric head and neck surgeons, and neonatologists was integral to perioperative management of both the mother and child.""","""2018""",[],"""Nguyen CV""",null
"""Parturient With Barnes Syndrome (Thoracolaryngopelvic Dysplasia) Undergoing Cesarean Delivery of a Neonate With Barnes Syndrome: A Case Report.""","""29634523""","""This case describes a parturient with Barnes syndrome, a rare disorder characterized by subglottic stenosis, thoracic dystrophy, and small pelvic inlet, who underwent cesarean delivery of a neonate diagnosed with Barnes syndrome. Live simulation training was performed by multidisciplinary team to prepare for the spinal anesthetic, personnel flow between 2 operating rooms, and management of various airway scenarios for the newborn. After delivery, the neonate underwent laryngoscopy-bronchoscopy with successful intubation in the operating room because of labored breathing. Airway evaluation revealed subglottic stenosis, tracheomalacia/bronchomalacia. Collaboration among perinatologists, obstetric/pediatric anesthesiologists, pediatric head and neck surgeons, and neonatologists was integral to perioperative management of both the mother and child.""","""2018""",[],"""Banzali FM Jr""","[""Department of Anesthesiology, University of California, Irvine Medical Center, Orange, CA, USA.""]"
"""Parturient With Barnes Syndrome (Thoracolaryngopelvic Dysplasia) Undergoing Cesarean Delivery of a Neonate With Barnes Syndrome: A Case Report.""","""29634523""","""This case describes a parturient with Barnes syndrome, a rare disorder characterized by subglottic stenosis, thoracic dystrophy, and small pelvic inlet, who underwent cesarean delivery of a neonate diagnosed with Barnes syndrome. Live simulation training was performed by multidisciplinary team to prepare for the spinal anesthetic, personnel flow between 2 operating rooms, and management of various airway scenarios for the newborn. After delivery, the neonate underwent laryngoscopy-bronchoscopy with successful intubation in the operating room because of labored breathing. Airway evaluation revealed subglottic stenosis, tracheomalacia/bronchomalacia. Collaboration among perinatologists, obstetric/pediatric anesthesiologists, pediatric head and neck surgeons, and neonatologists was integral to perioperative management of both the mother and child.""","""2018""",[],"""Patel SH""",null
"""Parturient With Barnes Syndrome (Thoracolaryngopelvic Dysplasia) Undergoing Cesarean Delivery of a Neonate With Barnes Syndrome: A Case Report.""","""29634523""","""This case describes a parturient with Barnes syndrome, a rare disorder characterized by subglottic stenosis, thoracic dystrophy, and small pelvic inlet, who underwent cesarean delivery of a neonate diagnosed with Barnes syndrome. Live simulation training was performed by multidisciplinary team to prepare for the spinal anesthetic, personnel flow between 2 operating rooms, and management of various airway scenarios for the newborn. After delivery, the neonate underwent laryngoscopy-bronchoscopy with successful intubation in the operating room because of labored breathing. Airway evaluation revealed subglottic stenosis, tracheomalacia/bronchomalacia. Collaboration among perinatologists, obstetric/pediatric anesthesiologists, pediatric head and neck surgeons, and neonatologists was integral to perioperative management of both the mother and child.""","""2018""",[],"""Tieu DD""",""""""
"""Parturient With Barnes Syndrome (Thoracolaryngopelvic Dysplasia) Undergoing Cesarean Delivery of a Neonate With Barnes Syndrome: A Case Report.""","""29634523""","""This case describes a parturient with Barnes syndrome, a rare disorder characterized by subglottic stenosis, thoracic dystrophy, and small pelvic inlet, who underwent cesarean delivery of a neonate diagnosed with Barnes syndrome. Live simulation training was performed by multidisciplinary team to prepare for the spinal anesthetic, personnel flow between 2 operating rooms, and management of various airway scenarios for the newborn. After delivery, the neonate underwent laryngoscopy-bronchoscopy with successful intubation in the operating room because of labored breathing. Airway evaluation revealed subglottic stenosis, tracheomalacia/bronchomalacia. Collaboration among perinatologists, obstetric/pediatric anesthesiologists, pediatric head and neck surgeons, and neonatologists was integral to perioperative management of both the mother and child.""","""2018""",[],"""Hernandez Conte A""","[""Department of Anesthesiology, Kaiser Permanente Los Angeles Medical Center, 4867 Sunset Blvd, 3rd Floor, Suite 3017, Los Angeles, CA, 90027, USA. Antonio.Conte@kp.org.""]"
"""Parturient With Barnes Syndrome (Thoracolaryngopelvic Dysplasia) Undergoing Cesarean Delivery of a Neonate With Barnes Syndrome: A Case Report.""","""29634523""","""This case describes a parturient with Barnes syndrome, a rare disorder characterized by subglottic stenosis, thoracic dystrophy, and small pelvic inlet, who underwent cesarean delivery of a neonate diagnosed with Barnes syndrome. Live simulation training was performed by multidisciplinary team to prepare for the spinal anesthetic, personnel flow between 2 operating rooms, and management of various airway scenarios for the newborn. After delivery, the neonate underwent laryngoscopy-bronchoscopy with successful intubation in the operating room because of labored breathing. Airway evaluation revealed subglottic stenosis, tracheomalacia/bronchomalacia. Collaboration among perinatologists, obstetric/pediatric anesthesiologists, pediatric head and neck surgeons, and neonatologists was integral to perioperative management of both the mother and child.""","""2018""",[],"""Benoit RM""",null
"""Thoracic-pelvic dysostosis.""","""11045587""","""We report a third patient, a female, with thoraco-pelvic dysostosis. This rare disorder is similar in phenotypic and radiographic appearances to thoraco-laryngo-pelvic dysplasia (Barnes syndrome). The only major difference between these two diseases is absence of laryngeal involvement in thoraco-pelvic dysplasia. They may represent two different entities or a contiguous gene syndrome.""","""2000""",[],"""Kozlowski K""","[""Department of Radiology, Royal Alexandra Hospital for Children, Sydney, Australia.""]"
"""Thoracic-pelvic dysostosis.""","""11045587""","""We report a third patient, a female, with thoraco-pelvic dysostosis. This rare disorder is similar in phenotypic and radiographic appearances to thoraco-laryngo-pelvic dysplasia (Barnes syndrome). The only major difference between these two diseases is absence of laryngeal involvement in thoraco-pelvic dysplasia. They may represent two different entities or a contiguous gene syndrome.""","""2000""",[],"""Grochova J""",""""""
"""Thoracic-pelvic dysostosis.""","""11045587""","""We report a third patient, a female, with thoraco-pelvic dysostosis. This rare disorder is similar in phenotypic and radiographic appearances to thoraco-laryngo-pelvic dysplasia (Barnes syndrome). The only major difference between these two diseases is absence of laryngeal involvement in thoraco-pelvic dysplasia. They may represent two different entities or a contiguous gene syndrome.""","""2000""",[],"""Marik I""",""""""
"""Management of thoracolaryngopelvic dysplasia.""","""8877357""","""We report a family in which three members have thoracolaryngopelvic dysplasia (Barnes' syndrome). This family illustrates the phenotypic variability seen in this rare clinical entity and highlights the medical and surgical management necessary in such cases.""","""1996""",[],"""Shroff V""",null
"""Management of thoracolaryngopelvic dysplasia.""","""8877357""","""We report a family in which three members have thoracolaryngopelvic dysplasia (Barnes' syndrome). This family illustrates the phenotypic variability seen in this rare clinical entity and highlights the medical and surgical management necessary in such cases.""","""1996""",[],"""Woodworth C""",null
"""Management of thoracolaryngopelvic dysplasia.""","""8877357""","""We report a family in which three members have thoracolaryngopelvic dysplasia (Barnes' syndrome). This family illustrates the phenotypic variability seen in this rare clinical entity and highlights the medical and surgical management necessary in such cases.""","""1996""",[],"""Wesselhoeft CW""",null
"""Management of thoracolaryngopelvic dysplasia.""","""8877357""","""We report a family in which three members have thoracolaryngopelvic dysplasia (Barnes' syndrome). This family illustrates the phenotypic variability seen in this rare clinical entity and highlights the medical and surgical management necessary in such cases.""","""1996""",[],"""DeLuca FG""",null
"""Management of thoracolaryngopelvic dysplasia.""","""8877357""","""We report a family in which three members have thoracolaryngopelvic dysplasia (Barnes' syndrome). This family illustrates the phenotypic variability seen in this rare clinical entity and highlights the medical and surgical management necessary in such cases.""","""1996""",[],"""Gilchrist BF""",null
"""[Thoracopelvic dysostosis, thoracolaryngopelvic dysplasia, Barnes syndrome]""","""11528989""","""""","""2001""",[],"""Ishikiriyama S""",null
"""Pulmonary function assessment in an infant with Barnes syndrome: proactive evaluation for surgical intervention.""","""16950944""","""Our aim for this study was to report pulmonary mechanics in a neonate with a severe case of Barnes syndrome, a rare form of thoracolaryngopelvic dysplasia, and to use these data to guide ventilatory support and serve as a presurgical screening tool. A comprehensive pulmonary function evaluation was performed on a 36-day-old patient with Barnes syndrome who was being mechanically ventilated because of severe pulmonary distress secondary to thoracic dystrophy. The measurements consisted of respiratory volumes including functional residual capacity, ventilatory mechanics including compliance and resistance, and thoracoabdominal synchrony. Chest wall compliance was 64% below normal, and the thoracoabdominal motion was indicative of predominantly abdominal displacement during inspiratory breaths. The lungs were functioning at a low functional residual capacity, resulting in low lung compliance and increased pulmonary resistance. As a result of the evaluation, the patient was recommended for lateral thoracic expansion surgery and the ventilatory management was adjusted to focus on end-distending pressure support.""","""2006""",[],"""Blackson T""",""""""
"""Pulmonary function assessment in an infant with Barnes syndrome: proactive evaluation for surgical intervention.""","""16950944""","""Our aim for this study was to report pulmonary mechanics in a neonate with a severe case of Barnes syndrome, a rare form of thoracolaryngopelvic dysplasia, and to use these data to guide ventilatory support and serve as a presurgical screening tool. A comprehensive pulmonary function evaluation was performed on a 36-day-old patient with Barnes syndrome who was being mechanically ventilated because of severe pulmonary distress secondary to thoracic dystrophy. The measurements consisted of respiratory volumes including functional residual capacity, ventilatory mechanics including compliance and resistance, and thoracoabdominal synchrony. Chest wall compliance was 64% below normal, and the thoracoabdominal motion was indicative of predominantly abdominal displacement during inspiratory breaths. The lungs were functioning at a low functional residual capacity, resulting in low lung compliance and increased pulmonary resistance. As a result of the evaluation, the patient was recommended for lateral thoracic expansion surgery and the ventilatory management was adjusted to focus on end-distending pressure support.""","""2006""",[],"""Weiss K""",""""""
"""Pulmonary function assessment in an infant with Barnes syndrome: proactive evaluation for surgical intervention.""","""16950944""","""Our aim for this study was to report pulmonary mechanics in a neonate with a severe case of Barnes syndrome, a rare form of thoracolaryngopelvic dysplasia, and to use these data to guide ventilatory support and serve as a presurgical screening tool. A comprehensive pulmonary function evaluation was performed on a 36-day-old patient with Barnes syndrome who was being mechanically ventilated because of severe pulmonary distress secondary to thoracic dystrophy. The measurements consisted of respiratory volumes including functional residual capacity, ventilatory mechanics including compliance and resistance, and thoracoabdominal synchrony. Chest wall compliance was 64% below normal, and the thoracoabdominal motion was indicative of predominantly abdominal displacement during inspiratory breaths. The lungs were functioning at a low functional residual capacity, resulting in low lung compliance and increased pulmonary resistance. As a result of the evaluation, the patient was recommended for lateral thoracic expansion surgery and the ventilatory management was adjusted to focus on end-distending pressure support.""","""2006""",[],"""Cox T""",""""""
"""Pulmonary function assessment in an infant with Barnes syndrome: proactive evaluation for surgical intervention.""","""16950944""","""Our aim for this study was to report pulmonary mechanics in a neonate with a severe case of Barnes syndrome, a rare form of thoracolaryngopelvic dysplasia, and to use these data to guide ventilatory support and serve as a presurgical screening tool. A comprehensive pulmonary function evaluation was performed on a 36-day-old patient with Barnes syndrome who was being mechanically ventilated because of severe pulmonary distress secondary to thoracic dystrophy. The measurements consisted of respiratory volumes including functional residual capacity, ventilatory mechanics including compliance and resistance, and thoracoabdominal synchrony. Chest wall compliance was 64% below normal, and the thoracoabdominal motion was indicative of predominantly abdominal displacement during inspiratory breaths. The lungs were functioning at a low functional residual capacity, resulting in low lung compliance and increased pulmonary resistance. As a result of the evaluation, the patient was recommended for lateral thoracic expansion surgery and the ventilatory management was adjusted to focus on end-distending pressure support.""","""2006""",[],"""Miller TL""","[""Nemours Research Lung Center, Alfred I. duPont Hospital for Children, 1600 Rockland Rd, Wilmington, DE 19803, USA. thmiller@nemours.org""]"
"""Pulmonary function assessment in an infant with Barnes syndrome: proactive evaluation for surgical intervention.""","""16950944""","""Our aim for this study was to report pulmonary mechanics in a neonate with a severe case of Barnes syndrome, a rare form of thoracolaryngopelvic dysplasia, and to use these data to guide ventilatory support and serve as a presurgical screening tool. A comprehensive pulmonary function evaluation was performed on a 36-day-old patient with Barnes syndrome who was being mechanically ventilated because of severe pulmonary distress secondary to thoracic dystrophy. The measurements consisted of respiratory volumes including functional residual capacity, ventilatory mechanics including compliance and resistance, and thoracoabdominal synchrony. Chest wall compliance was 64% below normal, and the thoracoabdominal motion was indicative of predominantly abdominal displacement during inspiratory breaths. The lungs were functioning at a low functional residual capacity, resulting in low lung compliance and increased pulmonary resistance. As a result of the evaluation, the patient was recommended for lateral thoracic expansion surgery and the ventilatory management was adjusted to focus on end-distending pressure support.""","""2006""",[],"""Paul D""","[""Drug Metabolism and Interactions Research Lab, Department of Pharmaceutical Analysis, National Institute of Pharmaceutical Education and Research (NIPER), Hyderabad, Telangana, 500037, India.""]"
"""Pulmonary function assessment in an infant with Barnes syndrome: proactive evaluation for surgical intervention.""","""16950944""","""Our aim for this study was to report pulmonary mechanics in a neonate with a severe case of Barnes syndrome, a rare form of thoracolaryngopelvic dysplasia, and to use these data to guide ventilatory support and serve as a presurgical screening tool. A comprehensive pulmonary function evaluation was performed on a 36-day-old patient with Barnes syndrome who was being mechanically ventilated because of severe pulmonary distress secondary to thoracic dystrophy. The measurements consisted of respiratory volumes including functional residual capacity, ventilatory mechanics including compliance and resistance, and thoracoabdominal synchrony. Chest wall compliance was 64% below normal, and the thoracoabdominal motion was indicative of predominantly abdominal displacement during inspiratory breaths. The lungs were functioning at a low functional residual capacity, resulting in low lung compliance and increased pulmonary resistance. As a result of the evaluation, the patient was recommended for lateral thoracic expansion surgery and the ventilatory management was adjusted to focus on end-distending pressure support.""","""2006""",[],"""Shaffer TH""",""""""
"""Autosomal dominant thoracolaryngopelvic dysplasia: Barnes syndrome.""","""3746836""","""We review a family in which a mother and two of her three children suffered a distinct syndrome of thoracic dystrophy with small chest volume, laryngeal stenosis, normal stature with variable asymmetry, asthenic build, and a small pelvis. In addition to the different inheritance pattern, this syndrome is distinguished from the better known Jeune syndrome by the differing thoracic and pelvic configuration.""","""1986""",[],"""Burn J""","[""Division of Human Genetics, University of Newcastle-upon-Tyne, UK.""]"
"""Autosomal dominant thoracolaryngopelvic dysplasia: Barnes syndrome.""","""3746836""","""We review a family in which a mother and two of her three children suffered a distinct syndrome of thoracic dystrophy with small chest volume, laryngeal stenosis, normal stature with variable asymmetry, asthenic build, and a small pelvis. In addition to the different inheritance pattern, this syndrome is distinguished from the better known Jeune syndrome by the differing thoracic and pelvic configuration.""","""1986""",[],"""Matthew DJ""",""""""
"""Autosomal dominant thoracolaryngopelvic dysplasia: Barnes syndrome.""","""3746836""","""We review a family in which a mother and two of her three children suffered a distinct syndrome of thoracic dystrophy with small chest volume, laryngeal stenosis, normal stature with variable asymmetry, asthenic build, and a small pelvis. In addition to the different inheritance pattern, this syndrome is distinguished from the better known Jeune syndrome by the differing thoracic and pelvic configuration.""","""1986""",[],"""Marsden D""",""""""
"""Autosomal dominant thoracolaryngopelvic dysplasia: Barnes syndrome.""","""3746836""","""We review a family in which a mother and two of her three children suffered a distinct syndrome of thoracic dystrophy with small chest volume, laryngeal stenosis, normal stature with variable asymmetry, asthenic build, and a small pelvis. In addition to the different inheritance pattern, this syndrome is distinguished from the better known Jeune syndrome by the differing thoracic and pelvic configuration.""","""1986""",[],"""Hall C""",""""""