﻿pi.pi_name,pi.org_name,p.title,p.funding_year,p.application_id,p.abstract,p.terms
"""ELSTON, ROBERT C""","""""","""GENETICS OF ACTINIC PRURIGO AN IDIOPATHIC PHOTODERMATOSIS""",1996,5224661,"""Actinic prurigo is an idiopathic photodermatosis seen in American Indians; the face and other sun-exposed areas are usually involved, the patients being sensitive to ultraviolet A light.  A modified dominant form of inheritance has been proposed for the disease, but formal segregation analysis has never been performed.  Large pedigrees of Cree Indians and M[unreadable]tis (mixed American Indian and white) of Cree ancestry have been ascertained in which the disease appears to be segregating and detailed data on relationships and age of onset are being collected.  These data will undergo segregation analysis to confirm or refute a single gene mode of inheritance. """,null
"""ELSTON, ROBERT C.""","""CASE WESTERN RESERVE UNIVERSITY""","""GENETICS OF ACTINIC PRURIGO: AMERICAN INDIANS""",1998,6121782,"""Actinic prurigo is an idiopathic photodermatosis seen in American                Indians; the face and other sun-exposed areas are usually involved,              the patients being sensitive to ultraviolet A light.  A modified                 dominant form of inheritance has been proposed for the disease, but              formal segregation analysis has never been performed.  Large pedigrees           of Cree Indians and M[unreadable]tis (mixed American Indian and white) of Cree              ancestry have been ascertained in which the disease appears to be                segregating and detailed data on relationships and age of onset are              being collected.  Data collection is now complete and segregation                analysis is being performed to confirm or refute a single gene mode of           inheritance.[unreadable]                                                                    ""","[""Native Americans"", ""skin"", ""orphan disease /drug"", ""genome"", ""genetics"", ""biomedical resource""]"
"""ELSTON, ROBERT C.""","""CASE WESTERN RESERVE UNIVERSITY""","""GENETICS OF ACTINIC PRURIGO""",2000,6348131,"""Sarcoidosis is a multisystem granulomatous inflammatory disease of               unknown etiology.  Hereditary susceptibility to sarcoidosis is                   suggested by reports of familial clustering and a higher prevalence in           certain ethnic groups, particularly African-Americans.  Candidate                genes for the granulomatous inflammatory disorders, Blau syndrome and            Crohn's disease have been localized to the centrometric region of                chromosome 16.  We therefore investigated whether this region is also            involved in sarcoidosis.  Using a sample of 35 African-American                  affected sibling pairs, we found no evidence of linkage in this                  general region, and could exclude from it a dominant gene with                   relative risk < 5, or a recessive gene with relative risk < 3,causing            sarcoidosis.  In particular, we concluded that the Blau syndrome gene            does not have a major effect on sarcoidosis susceptibility.  We plan             to test for association of sarcoidosis with markers for other                    candidate genes and to perform a segregation analysis in order to test           simultaneously for possible environmental risk factors and genetic               mechanisms of disease transmission.  This study is ongoing.  [unreadable]                   ""","[""African American"", ""epidemiology"", ""immunology"", ""genome"", ""genetics"", ""inflammation"", ""connective tissue"", ""biomedical resource""]"
"""SIEGEL, DAWN H""","""UNIVERSITY OF CALIFORNIA SAN FRANCISCO""","""KINDLER SYNDROME AND ACTINIC PRURIGO: MOLECULAR ANALYSIS""",2001,6294458,"""Sunlight is by far the most important environmental insult to the skin. Determination of the molecular basis of several inheritable photosensitivity syndromes, including Xeroderma pigmentosum and Rothmund-Thomson syndrome, has enhanced our understanding of the mechanisms of sun damage. The goal of this research proposal is the identification of genes whose mutations cause two of the remaining unelucidated heritable photosensitivity disorders-Kindler syndrome and actinic pruigo. DNA is available from a unique cohort of Kindler syndrome patients from Bocas del Toro, Panama and from several cohorts of AP patients from Saskatchewan, Keewatin in the Northwest territories and Norway House, Manitoba. Genotyping will be expedited by the availability of automated genome-wide scanning, which will be done on pooled DNA samples. Results will also be confirmed by manually analyzing the genotypes of individual samples. The candidate regions will be narrowed by genotyping at polymorphic sites. Mutations in DNA from affected individuals in the initial studies will be compared with different kindreds with these diseases. ""","[""family genetics"", ""nonvisual photosensitivity"", ""light adverse effect"", ""genetic mapping"", ""congenital skin disorder"", ""molecular pathology"", ""genetic screening"", ""genetic polymorphism"", ""gene mutation"", ""genotype"", ""postdoctoral investigator"", ""human genetic material tag"", ""human subject"", ""clinical research""]"
"""ELSTON, ROBERT C.""","""CASE WESTERN RESERVE UNIVERSITY""","""GENETICS OF ACTINIC PRURIGO""",2001,6491960,"""Sarcoidosis is a multisystem granulomatous inflammatory disease of               unknown etiology.  Hereditary susceptibility to sarcoidosis is                   suggested by reports of familial clustering and a higher prevalence in           certain ethnic groups, particularly African-Americans.  Candidate                genes for the granulomatous inflammatory disorders, Blau syndrome and            Crohn's disease have been localized to the centrometric region of                chromosome 16.  We therefore investigated whether this region is also            involved in sarcoidosis.  Using a sample of 35 African-American                  affected sibling pairs, we found no evidence of linkage in this                  general region, and could exclude from it a dominant gene with                   relative risk < 5, or a recessive gene with relative risk < 3,causing            sarcoidosis.  In particular, we concluded that the Blau syndrome gene            does not have a major effect on sarcoidosis susceptibility.  We plan             to test for association of sarcoidosis with markers for other                    candidate genes and to perform a segregation analysis in order to test           simultaneously for possible environmental risk factors and genetic               mechanisms of disease transmission.  This study is ongoing.  [unreadable]                   ""","[""African American"", ""epidemiology"", ""immunology"", ""genome"", ""genetics"", ""inflammation"", ""connective tissue"", ""biomedical resource""]"
"""ELSTON, ROBERT C.""","""CASE WESTERN RESERVE UNIVERSITY""","""GENETICS OF ACTINIC PRURIGO IN AMERICAN INDIANS""",1997,6252890,null,"[""Native Americans"", ""skin"", ""epidemiology"", ""orphan disease /drug"", ""genome"", ""genetics"", ""biomedical resource""]"
"""ELSTON, ROBERT C.""","""CASE WESTERN RESERVE UNIVERSITY""","""GENETICS OF ACTINIC PRURIGO""",1999,6206101,"""Sarcoidosis is a multisystem granulomatous inflammatory disease of               unknown etiology.  Hereditary susceptibility to sarcoidosis is                   suggested by reports of familial clustering and a higher prevalence in           certain ethnic groups, particularly African-Americans.  Candidate                genes for the granulomatous inflammatory disorders, Blau syndrome and            Crohn's disease have been localized to the centrometric region of                chromosome 16.  We therefore investigated whether this region is also            involved in sarcoidosis.  Using a sample of 35 African-American                  affected sibling pairs, we found no evidence of linkage in this                  general region, and could exclude from it a dominant gene with                   relative risk < 5, or a recessive gene with relative risk < 3,causing            sarcoidosis.  In particular, we concluded that the Blau syndrome gene            does not have a major effect on sarcoidosis susceptibility.  We plan             to test for association of sarcoidosis with markers for other                    candidate genes and to perform a segregation analysis in order to test           simultaneously for possible environmental risk factors and genetic               mechanisms of disease transmission.  This study is ongoing.  [unreadable]                   ""","[""genetics""]"