﻿i.OfficialName,i.OfficialAffiliation,c. BriefTitle,c.OfficialTitle,c.BriefSummary,c.NCTId,c.StartDate,l.LocationCity,l. LocationState,l.LocationCountry,l.LocationFacility,Interventions
"""Eva Morava-Kozicz""","""Mayo Clinic""","""Evaluate Optimal Dosing and Long-term Safety of D-galactose in PGM1-CDG""","""A Phase 2b, Multicenter, Randomized, Double-blind, Placebo-Controlled, Crossover, Trial Assessing the Efficacy, Safety, and Tolerability of AVTX-801 in Subjects With Phosphoglucomutase 1 Deficiency Related Congenital Disorders of Glycosylation (PGM1-CDG)""","""You have been asked to take part in this research study because you have been diagnosed with PGM1-CDG and are currently taking D-galactose.""","""NCT05402332""","""February 2024""","""Rochester""","""Minnesota""","""United States""","""Mayo Clinic Rochester""","[""AVTX-801""]"
"""Karen L Madsen""","""Neuromuscular Research Unit""","""Fat and Sugar Metabolism During Exercise in Patients With Metabolic Myopathy""","""Fat and Sugar Metabolism During Exercise in Patients With Metabolic Myopathy""","""This study aims to characterize the pathophysiological mechanisms of 21 different metabolic myopathies. The study will focus on exercise capacity and the metabolic derangement during exercise.""","""NCT02635269""","""January 2016""","""Copenhagen""",null,"""Denmark""","""Neuromuscular Research Unit, 3342""","[""Sugar""]"
"""Laurent Servais""","""Centre Hospitalier Universitaire de Liege""","""Baby Detect : Genomic Newborn Screening""","""Universal Genomic Newborn Screening in the Wallonia-Brussels Federation: Baby Detect""","""Newborn screening (NBS) is a global initiative of systematic testing at birth to identify babies with pre-defined severe but treatable conditions. With a simple blood test, rare genetic conditions can be easily detected, and the early start of transformative treatment will help avoid severe disabilities and increase the quality of life.

Baby Detect Project is an innovative NBS program using a panel of target sequencing that aims to identify 126 treatable severe early onset genetic diseases at birth caused by 361 genes. The list of diseases has been established in close collaboration with the Paediatricians of the University Hospital in Liege. The investigators use dedicated dried blood spots collected between the first day and 28 days of life of babies, after a consent sign by parents.""","""NCT05687474""","""September 1, 2022""","""Liege""","""Wallonia""","""Belgium""","""CRMN, Hôpital La Citadelle""",[]